[
  { "Id": 1,
    "Test": "read_tomcat",
    "Number Of Users": 1000,
    "Total Number Of Req": 10999,
    "Total RPS": 494.80,
    "Request Distribution": [
      {"name": "GET /editor/post?action=open", "98%": 610}
    ]
  },
  { "Id": 2,
    "Test": "write_tomcat",
    "Number Of Users": 1000,
    "Total Number Of Req": 10999,
    "Total RPS": 159.50,
    "Request Distribution": [
      {"name": "POST /editor/post?action=save", "98%": 7100}
    ]
  },
  { "Id": 4,
    "Test": "read_node",
    "Number Of Users": 1000,
    "Total Number Of Req": 10688,
    "Total RPS": 218.30,
    "Request Distribution": [
      {"name": "GET /blog/cs144", "98%": 3000}
    ]
  },
  { "Id": 5,
    "Test": "write_node",
    "Number Of Users": 1000,
    "Total Number Of Req": 10151,
    "Total RPS": 235.40,
    "Request Distribution": [
      {"name": "PUT /api/cs144 (update)", "98%": 7500}
    ]
  }
]